,Label,Value
0,RMSE,0.014381624340262342
1,R² Score,0.29261973682218456
