,index,0,1,accuracy,macro avg,weighted avg
0,precision,0.9577464788732394,0.0,0.9577464788732394,0.4788732394366197,0.9172783177940883
1,recall,1.0,0.0,0.9577464788732394,0.5,0.9577464788732394
2,f1-score,0.9784172661870504,0.0,0.9577464788732394,0.4892086330935252,0.9370756915594285
3,support,68.0,3.0,0.9577464788732394,71.0,71.0
